"txid","refid","time","type","subtype","aclass","asset","amount","fee","balance"
"","QGBHDST-YE7W2N-DRKNG7","2021-01-08 13:32:45","deposit","","currency","XXBT",0.0046400000,0.0000000000,""
"LAK556-JCV3R-STZT3W","QGBHDST-YE7W2N-DRKNG7","2021-01-08 13:56:11","deposit","","currency","XXBT",0.0046400000,0.0000000000,0.0046400000
"L2GHAQ-RPA44-LXFHAU","T7W3FR-W72ZP-WDJQUL","2021-01-08 23:04:42","trade","","currency","XXBT",-0.0009022000,0.0000023457,0.0037354543
"L77NSV-YK4QF-2I56V5","T7W3FR-W72ZP-WDJQUL","2021-01-08 23:04:42","trade","","currency","STORJ",100.0000000000,0.0000000000,100.0000000000
"LDKHPL-NO3G6-2DOK3W","TJRCHR-QPICJ-XT4UWO","2021-01-09 01:29:11","trade","","currency","XXBT",-0.0008320000,0.0000021600,0.0029012943
"L6OXDB-TLZNE-BXTWV7","TJRCHR-QPICJ-XT4UWO","2021-01-09 01:29:11","trade","","currency","XMLN",1.0000000000,0.0000000000,1.0000000000
"","QGBI2F3-PVZAQO-J7KHMZ","2021-01-10 00:51:13","deposit","","currency","XXBT",0.0022857800,0.0000000000,""
"LGXKTL-WWJEB-JDQFP7","TLSH2E-FBIOA-SBNCJJ","2021-01-10 01:13:23","trade","","currency","XXBT",-0.0009834000,0.0000025568,0.0019153375
"LKFKOB-FVAJ5-J2GRN4","TLSH2E-FBIOA-SBNCJJ","2021-01-10 01:13:23","trade","","currency","DOT",4.0000000000,0.0000000000,4.0000000000
"","BUHF467-SGEQL4-F65ZT7","2021-01-10 01:15:54","withdrawal","","currency","DOT",-4.0000000000,0.0000000000,""
"","RUI5TD2-GYFWTY-LX7J6P","2021-01-10 01:18:00","deposit","","currency","DOT.S",4.0000000000,0.0000000000,""
"LJRDMQ-ZS7MI-ZK7RUM","BUHF467-SGEQL4-F65ZT7","2021-01-10 01:18:15","transfer","spottostaking","currency","DOT",-4.0000000000,0.0000000000,0.0000000000
"LJHKKK-TBGIH-OSZDCS","RUI5TD2-GYFWTY-LX7J6P","2021-01-10 01:18:22","transfer","stakingfromspot","currency","DOT.S",4.0000000000,0.0000000000,4.0000000000
"LRK6JQ-IBRTI-WEDWDE","QGBI2F3-PVZAQO-J7KHMZ","2021-01-10 01:55:35","deposit","","currency","XXBT",0.0022857800,0.0000000000,0.0042011175
"LPLEPB-4L2PC-WMBOVK","TGOIJN-IAV2R-RFRETX","2021-01-10 02:37:33","trade","","currency","XXBT",-0.0002584000,0.0000006718,0.0039420457
"LJOHFY-Y3KJ7-OFZYJF","TGOIJN-IAV2R-RFRETX","2021-01-10 02:37:33","trade","","currency","SC",2000.0000000000,0.0000000000,2000.0000000000
"LASS2V-DWFZV-RD6VTF","TZXPLS-JMTIT-L6WVZ3","2021-01-10 02:40:29","trade","","currency","XXBT",-0.0007800000,0.0000020280,0.0031600177
"LWCPD3-4S3GC-ITNCUJ","TZXPLS-JMTIT-L6WVZ3","2021-01-10 02:40:29","trade","","currency","XXDG",3000.00000000,0.00000000,3000.00000000
"LRJ5LJ-RLLKX-3TK2FE","TCIH33-5PYSG-QZBGUH","2021-01-10 02:42:34","trade","","currency","XXBT",-0.0004279000,0.0000011125,0.0027310052
"LK3KZY-MXWRN-Z2FALD","TCIH33-5PYSG-QZBGUH","2021-01-10 02:42:34","trade","","currency","TRX",500.00000000,0.00000000,500.00000000
"LCJ4BL-ZVCO6-R7TCQ6","TW726G-HSRKV-32EJBQ","2021-01-10 02:43:52","trade","","currency","XXBT",-0.0001470000,0.0000003820,0.0025836232
"LEDBOX-XFETB-QADZEC","TW726G-HSRKV-32EJBQ","2021-01-10 02:43:52","trade","","currency","MANA",50.0000000000,0.0000000000,50.0000000000
"LH6YPG-NUHLJ-GYJBSK","TYYVDW-SOFO3-OSGF47","2021-01-10 02:48:50","trade","","currency","XXBT",-0.0003790000,0.0000009850,0.0022036382
"LUD2TA-LM3N4-XXJ2SC","TYYVDW-SOFO3-OSGF47","2021-01-10 02:48:50","trade","","currency","OXT",50.0000000000,0.0000000000,50.0000000000
"LXIPVX-R3VPZ-K55D7H","TNCH45-TTW23-2LFRAD","2021-01-10 02:49:37","trade","","currency","XXBT",-0.0003815000,0.0000009920,0.0018211462
"L46Z2G-MZRLC-GRCSEZ","TNCH45-TTW23-2LFRAD","2021-01-10 02:49:37","trade","","currency","XXLM",50.00000000,0.00000000,50.00000000
"LHFLDU-MGGBJ-EH54NF","T4DVVJ-NFP5E-GZXJPN","2021-01-10 17:16:58","trade","","currency","XXBT",-0.0006640000,0.0000020000,0.0011551462
"LMJK4S-HI4YA-5F2QCW","T4DVVJ-NFP5E-GZXJPN","2021-01-10 17:16:58","trade","","currency","XETH",0.0200000000,0.0000000000,0.0200000000
"","A2BR537-YB6XGZ-6HYL7H","2021-01-10 17:21:36","withdrawal","","currency","XETH",-0.0150000000,0.0050000000,""
"LCMZDL-AV3DR-5CCVWP","A2BR537-YB6XGZ-6HYL7H","2021-01-10 17:24:51","withdrawal","","currency","XETH",-0.0150000000,0.0050000000,0.0000000000
"","RUINKW2-NXO427-3QPXAI","2021-01-12 01:04:04","deposit","","currency","DOT.S",0.0026119500,0.0000000000,""
"LBZL5Q-LCBN7-BFBAGF","STYN4FP-WVIS6-VPB7YQ","2021-01-12 10:21:49","staking","","currency","DOT.S",0.0026119500,0.0000000000,4.0026119500
"","QGB2TL3-4JYSJ4-SGUGMU","2021-01-14 13:30:49","deposit","","currency","XXBT",0.0030350300,0.0000000000,""
"LS267T-NNCYM-BRNFY2","QGB2TL3-4JYSJ4-SGUGMU","2021-01-14 14:08:06","deposit","","currency","XXBT",0.0030350300,0.0000000000,0.0041901762
"","RUIULLF-QQNJUW-ZIQYZU","2021-01-15 01:02:06","deposit","","currency","DOT.S",0.0039447500,0.0000000000,""
"LOKG5B-LVRLO-WYRAYQ","STMKK72-LMBYO-BHQOEY","2021-01-15 05:28:44","staking","","currency","DOT.S",0.0039447500,0.0000000000,4.0065567000
"","RUI3BQN-3DO4ZP-V75JCP","2021-01-19 01:02:10","deposit","","currency","DOT.S",0.0052650500,0.0000000000,""
"LSQ76Y-C7AMW-MEXJIT","STJ4V2W-R7QVX-FW6KDN","2021-01-19 05:40:00","staking","","currency","DOT.S",0.0052650500,0.0000000000,4.0118217500
"LXYSKI-BT3MP-QMOVRB","T2F34M-MDW4O-NX4B5U","2021-01-21 00:33:30","trade","","currency","XXBT",-0.0038300000,0.0000099580,0.0003502182
"LNP6DT-TFBHZ-XXODU3","T2F34M-MDW4O-NX4B5U","2021-01-21 00:33:30","trade","","currency","MANA",1000.0000000000,0.0000000000,1050.0000000000
"","RUIH76G-R3IZXA-J5SAEM","2021-01-22 01:02:16","deposit","","currency","DOT.S",0.0039538300,0.0000000000,""
"L5ZVKP-C2F3R-RQPMF3","STOPHID-FB2HM-ENDT6J","2021-01-22 06:15:20","staking","","currency","DOT.S",0.0039538300,0.0000000000,4.0157755800
"","RUIWJTU-PEYUE4-ZJQV43","2021-01-26 01:02:29","deposit","","currency","DOT.S",0.0052771100,0.0000000000,""
"LDMMYR-JMSEU-NFPBTF","STDT34T-7EDB7-2YQYOM","2021-01-26 06:32:12","staking","","currency","DOT.S",0.0052771100,0.0000000000,4.0210526900
"LI5S4R-TY4UI-DXBIYF","TYH5TX-SZCRT-VMLOVB","2021-01-28 21:47:48","trade","","currency","XXDG",-3000.00000000,0.00000000,0.00000000
"LBAU7Q-PGLOZ-BKC4QR","TYH5TX-SZCRT-VMLOVB","2021-01-28 21:47:48","trade","","currency","XXBT",0.0022200000,0.0000057720,0.0025644462
"","RUISCQP-MDVAUQ-2DP3XP","2021-01-29 01:02:36","deposit","","currency","DOT.S",0.0039629000,0.0000000000,""
"","QGB5MQ2-WFKCRW-CW5TB6","2021-01-29 02:24:23","deposit","","currency","XXBT",0.0045185000,0.0000000000,""
"LJWHHU-636DU-IVT2RV","QGB5MQ2-WFKCRW-CW5TB6","2021-01-29 02:47:29","deposit","","currency","XXBT",0.0045185000,0.0000000000,0.0070829462
"LEB4ND-ISG43-WWTDWO","TXSNEW-CBTH3-GFKQJC","2021-01-29 02:52:02","trade","","currency","XXBT",-0.0044400000,0.0000115440,0.0026314022
"LHHF4O-XJVDQ-TTHZIY","TXSNEW-CBTH3-GFKQJC","2021-01-29 02:52:02","trade","","currency","XXDG",3000.00000000,0.00000000,3000.00000000
"LO5D3X-I6GBQ-GLLHBS","TPPAUB-OJSQK-EWWEEK","2021-01-29 03:19:36","trade","","currency","MANA",-1049.9999999500,0.0000000000,0.0000000500
"LSLX25-4IHTS-ZSXSE5","TPPAUB-OJSQK-EWWEEK","2021-01-29 03:19:36","trade","","currency","XXBT",0.0048195000,0.0000125300,0.0074383722
"L7ZJVB-FICMX-N7DLLQ","TI77I6-OUW33-SZEV56","2021-01-29 03:22:36","trade","","currency","XXBT",-0.0067200000,0.0000174720,0.0007009002
"LOJJSI-SMNMR-OIBGEW","TI77I6-OUW33-SZEV56","2021-01-29 03:22:36","trade","","currency","XXDG",3000.00000000,0.00000000,6000.00000000
"LZTE5T-JHA74-GW2DJO","TZLQKF-AZHDE-IBLHTX","2021-01-29 03:33:17","trade","","currency","XXDG",-5984.44051282,15.55948718,0.00000000
"LPEM7L-CACHS-GFLZ2P","TZLQKF-AZHDE-IBLHTX","2021-01-29 03:33:17","trade","","currency","XXBT",0.0116696590,0.0000000000,0.0123705592
"LPKM2M-XR3HL-RLBRFW","ST73GOU-LKNUE-YBRQXX","2021-01-29 06:51:31","staking","","currency","DOT.S",0.0039629000,0.0000000000,4.0250155900
"","RUIQ66O-SXXKCJ-L5EWEX","2021-02-02 01:02:45","deposit","","currency","DOT.S",0.0052891900,0.0000000000,""
"LNT5DQ-UQJQ2-HVRVTR","ST7V5BP-P52HA-PW2YEC","2021-02-02 07:26:30","staking","","currency","DOT.S",0.0052891900,0.0000000000,4.0303047800
"","RUIHC2A-2BOMNV-X2TX3V","2021-02-05 01:02:50","deposit","","currency","DOT.S",0.0039719200,0.0000000000,""
"L7INFI-KL3EO-7QITNR","STIQAGI-JJDBJ-PHVWRA","2021-02-05 08:25:26","staking","","currency","DOT.S",0.0039719200,0.0000000000,4.0342767000
"LTWFM4-WYM4Q-Q7MOZW","TYA5U3-I4PET-CXYZ2F","2021-02-07 01:54:53","trade","","currency","XXBT",-0.0063800000,0.0000165880,0.0059739712
"LNVY6A-PXY44-VYTHYW","TYA5U3-I4PET-CXYZ2F","2021-02-07 01:54:53","trade","","currency","MANA",1000.0000000000,0.0000000000,1000.0000000500
"LE6RXL-TZ6L4-IFASO2","TGJCVI-TIKCS-ME4BPR","2021-02-07 23:44:34","trade","","currency","XXBT",-0.0040800000,0.0000106080,0.0018833632
"LKB2UP-WY3A5-E22BVT","TGJCVI-TIKCS-ME4BPR","2021-02-07 23:44:34","trade","","currency","XXDG",2000.00000000,0.00000000,2000.00000000
"LIIR4Y-AYRMG-T3UCLJ","TWLWVI-H52FD-6NBRWS","2021-02-08 00:16:21","trade","","currency","XXDG",-1994.81354167,5.18645833,0.00000000
"LCWBRY-T7LL3-WK7PVV","TWLWVI-H52FD-6NBRWS","2021-02-08 00:16:21","trade","","currency","XXBT",0.0038300420,0.0000000000,0.0057134052
"","RUIWIUB-DD2W3P-PM5WAX","2021-02-09 01:03:02","deposit","","currency","DOT.S",0.0053013300,0.0000000000,""
"LKCQ5C-GRUTE-MQYGGN","ST5MOGO-CQHPW-FRMWNP","2021-02-09 09:04:02","staking","","currency","DOT.S",0.0053013300,0.0000000000,4.0395780300
