"txid","ordertxid","pair","time","type","ordertype","price","cost","fee","vol","margin","misc","ledgers","postxid","posstatus","cprice","ccost","cfee","cvol","cmargin","net","trades"
"T7W3FR-W72ZP-WDJQUL","OIOQ36-OH5IN-GB4D5P","STORJXBT","2021-01-08 23:04:42.339","buy","market",0.0000090220,0.0009022000,0.0000023457,100.00000000,0.0000000000,"","L77NSV-YK4QF-2I56V5,L2GHAQ-RPA44-LXFHAU","TKH2SE-M7IF5-CFI7LT",,,,,,,,
"TJRCHR-QPICJ-XT4UWO","O6P437-4QQUJ-GF32PF","XMLNXXBT","2021-01-09 01:29:11.6504","buy","market",0.00083200,0.00083200,0.00000216,1.00000000,0.00000000,"","L6OXDB-TLZNE-BXTWV7,LDKHPL-NO3G6-2DOK3W","TKH2SE-M7IF5-CFI7LT",,,,,,,,
"TLSH2E-FBIOA-SBNCJJ","OKXRBI-IPYOP-LTFBAU","DOTXBT","2021-01-10 01:13:23.3987","buy","market",0.0002458500,0.0009834000,0.0000025568,4.00000000,0.0000000000,"","LKFKOB-FVAJ5-J2GRN4,LGXKTL-WWJEB-JDQFP7","TKH2SE-M7IF5-CFI7LT",,,,,,,,
"TGOIJN-IAV2R-RFRETX","OYFAF6-WBLHP-YLZWAZ","SCXBT","2021-01-10 02:37:33.6647","buy","market",0.0000001292,0.0002584000,0.0000006718,2000.00000000,0.0000000000,"","LJOHFY-Y3KJ7-OFZYJF,LPLEPB-4L2PC-WMBOVK","TKH2SE-M7IF5-CFI7LT",,,,,,,,
"TZXPLS-JMTIT-L6WVZ3","OZJAKP-HLAOH-TUZY7D","XXDGXXBT","2021-01-10 02:40:29.561","buy","market",0.000000260,0.000780000,0.000002028,3000.00000000,0.000000000,"","LWCPD3-4S3GC-ITNCUJ,LASS2V-DWFZV-RD6VTF","TKH2SE-M7IF5-CFI7LT",,,,,,,,
"TCIH33-5PYSG-QZBGUH","OPWPUN-XBWCM-NLBOZL","TRXXBT","2021-01-10 02:42:34.2805","buy","market",0.0000008558,0.0004279000,0.0000011125,500.00000000,0.0000000000,"","LK3KZY-MXWRN-Z2FALD,LRJ5LJ-RLLKX-3TK2FE","TKH2SE-M7IF5-CFI7LT",,,,,,,,
"TW726G-HSRKV-32EJBQ","OS7KJS-QSCME-H4LWA4","MANAXBT","2021-01-10 02:43:52.1545","buy","market",0.000002940,0.000147000,0.000000382,50.00000000,0.000000000,"","LEDBOX-XFETB-QADZEC,LCJ4BL-ZVCO6-R7TCQ6","TKH2SE-M7IF5-CFI7LT",,,,,,,,
"TYYVDW-SOFO3-OSGF47","OJLKGR-IWYZ3-ARIU6H","OXTXBT","2021-01-10 02:48:50.4387","buy","market",0.000007580,0.000379000,0.000000985,50.00000000,0.000000000,"","LUD2TA-LM3N4-XXJ2SC,LH6YPG-NUHLJ-GYJBSK","TKH2SE-M7IF5-CFI7LT",,,,,,,,
"TNCH45-TTW23-2LFRAD","O2CPCP-UER5Q-AW476V","XXLMXXBT","2021-01-10 02:49:37.8815","buy","market",0.000007630,0.000381500,0.000000992,50.00000000,0.000000000,"","L46Z2G-MZRLC-GRCSEZ,LXIPVX-R3VPZ-K55D7H","TKH2SE-M7IF5-CFI7LT",,,,,,,,
"T4DVVJ-NFP5E-GZXJPN","ORGDGW-Z45WF-SAOZL3","XETHXXBT","2021-01-10 17:16:58.9836","buy","market",0.033180,0.000664,0.000002,0.02000000,0.000000,"","LMJK4S-HI4YA-5F2QCW,LHFLDU-MGGBJ-EH54NF","TKH2SE-M7IF5-CFI7LT",,,,,,,,
"T2F34M-MDW4O-NX4B5U","O762UX-UAMIO-QL35IZ","MANAXBT","2021-01-21 00:33:30.8858","buy","market",0.000003830,0.003830000,0.000009958,1000.00000000,0.000000000,"","LNP6DT-TFBHZ-XXODU3,LXYSKI-BT3MP-QMOVRB","TKH2SE-M7IF5-CFI7LT",,,,,,,,
"TYH5TX-SZCRT-VMLOVB","OEZJUN-W3F3W-VM5QVL","XXDGXXBT","2021-01-28 21:47:48.4333","sell","market",0.000000740,0.002220000,0.000005772,3000.00000000,0.000000000,"","LBAU7Q-PGLOZ-BKC4QR,LI5S4R-TY4UI-DXBIYF","TKH2SE-M7IF5-CFI7LT",,,,,,,,
"TXSNEW-CBTH3-GFKQJC","OZM2M4-C6C6H-CBVFQ7","XXDGXXBT","2021-01-29 02:52:02.8451","buy","market",0.000001480,0.004440000,0.000011544,3000.00000000,0.000000000,"","LHHF4O-XJVDQ-TTHZIY,LEB4ND-ISG43-WWTDWO","TKH2SE-M7IF5-CFI7LT",,,,,,,,
"TPPAUB-OJSQK-EWWEEK","O3VGIZ-3555Z-2JGV5T","MANAXBT","2021-01-29 03:19:36.3459","sell","market",0.000004590,0.004819500,0.000012530,1049.99999995,0.000000000,"","LSLX25-4IHTS-ZSXSE5,LO5D3X-I6GBQ-GLLHBS","TKH2SE-M7IF5-CFI7LT",,,,,,,,
"TI77I6-OUW33-SZEV56","ORWXJZ-56O2M-MMQ7AS","XXDGXXBT","2021-01-29 03:22:36.4404","buy","market",0.000002240,0.006720000,0.000017472,3000.00000000,0.000000000,"","LOJJSI-SMNMR-OIBGEW,L7ZJVB-FICMX-N7DLLQ","TKH2SE-M7IF5-CFI7LT",,,,,,,,
"TZLQKF-AZHDE-IBLHTX","OVMP6N-EYIWT-ULHGSH","XXDGXXBT","2021-01-29 03:33:17.9787","sell","market",0.000001950,0.011669659,0.000030341,5984.44051282,0.000000000,"","LPEM7L-CACHS-GFLZ2P,LZTE5T-JHA74-GW2DJO","TKH2SE-M7IF5-CFI7LT",,,,,,,,
"TYA5U3-I4PET-CXYZ2F","OGAE2B-22BUA-5NUNYI","MANAXBT","2021-02-07 01:54:53.862","buy","market",0.000006380,0.006380000,0.000016588,1000.00000000,0.000000000,"","LNVY6A-PXY44-VYTHYW,LTWFM4-WYM4Q-Q7MOZW","TKH2SE-M7IF5-CFI7LT",,,,,,,,
"TGJCVI-TIKCS-ME4BPR","OLS4YY-VMW5A-PM3FSU","XXDGXXBT","2021-02-07 23:44:34.5745","buy","market",0.000002040,0.004080000,0.000010608,2000.00000000,0.000000000,"","LKB2UP-WY3A5-E22BVT,LE6RXL-TZ6L4-IFASO2","TKH2SE-M7IF5-CFI7LT",,,,,,,,
"TWLWVI-H52FD-6NBRWS","OXYA62-V2BQI-I6ARXK","XXDGXXBT","2021-02-08 00:16:21.1339","sell","market",0.000001920,0.003830042,0.000009958,1994.81354167,0.000000000,"","LCWBRY-T7LL3-WK7PVV,LIIR4Y-AYRMG-T3UCLJ","TKH2SE-M7IF5-CFI7LT",,,,,,,,
